index	table_id	annotator_id	premise	hypothesis	label
714	T239	GW9	 The breed of Chicado V is Quarter Horse.  The discipline of Chicado V is Racing.  The sire of Chicado V is Chicaro Bill.  The maternal grandsire of Chicado V is St. Louis. 	Chicado V's parents were not both famous racehorses .	1
1547	T2714	GW86	 The elevation of Karaj is 1,312 m (4,304 ft).  The urban area of Karaj is 1,592,492 (2016 Census).  The metro area of Karaj is 1,973,470 (2016 Census).  The city area of Karaj is 162 km 2  (63 sq mi). 	The highest elevation point in Karaj is not approximately 1 , 312 m .	1
656	T564	GW12	 Danny Elfman was born on ( 1953-05-29 )  May 29, 1953  (age 65)  Los Angeles, California, U.S..  The genres of Danny Elfman are Rock, ska, new wave, film music, video game music.  The occupation(s) of Danny Elfman is Composer, singer, songwriter, record producer.  The years active of Danny Elfman was on 1972 - present. 	The singing career of Danny Elfman didn't begin in 1972 .	1
341	T473	GW28	   Chris Brown is a musician.  Chris Brown was born as Christopher Maurice Brown ,  (1989-05-05) May 5, 1989 (age 29) , Tappahannock, Virginia, U.S..  The associated acts of Chris Brown are Benny Benassi, Big Sean, The Game, Jacquees, Joyner Lucas, Kevin McCall, Lil Wayne, Nicki Minaj, Rihanna, Sevyn Streeter, T-Pain, Tyga.  The occupation of Chris Brown are Singer, rapper, songwriter, dancer, actor, record producer.   	Chris Brown is not an American singer .	0
1694	T2401	GW121	 The land area of Halifax is 5,490.35 km 2  (2,119.84 sq mi).  The urban area of Halifax is 234.72 km 2  (90.63 sq mi).  The highest elevation of Halifax is 241.9 m (793.6 ft).  The lowest elevation of Halifax is 0 m (0 ft).  	The lowest elevation of Halifax is not more than 1000 feet lower than its highest elevation .	0
1235	T1816	GW4	 I, Tonya was directed by Craig Gillespie.  I, Tonya was produced by Tom Ackerley, Margot Robbie, Steven Rogers, Bryan Unkeless.  I, Tonya was written by Steven Rogers.  I, Tonya was edited by Tatiana S. Riegel. 	I , Tonya was not written and directed by the same person .	2
1606	T2692	GW1	 The density of Tbilisi is 3,194.38/km 2  (8,273.4/sq mi).  The metro area of Tbilisi is 1,485,293.  The area code(s) of Tbilisi is +995 32.  The capital city of Tbilisi are Population: 1,158,700 (2018), Area: 504.2 km2 (194.7 sq mi). 	Tbilisi doesn't have over 1 . 5 million people in the metro area .	2
964	T594	GW51	 Clint Eastwood was born as Clinton Eastwood Jr. ,  (1930-05-31) May 31, 1930 (age 88) , San Francisco, California, U.S..  The other political affiliations of Clint Eastwood was on Independent (1974-1997), Republican (before 1952 - 1974).  The domestic partner of Clint Eastwood is Sondra Locke  , ( c. 1975;  sep. 1989) , Frances Fisher  , ( c. 1990;  sep. 1995).  The children of Clint Eastwood are Undetermined number, including  with Roxanne Tunis:, -Kimber Tunis ( b. 1964), with Johnson:, -Kyle Eastwood ( b. 1968), -Alison Eastwood ( b. 1972), with Jacelyn Reeves:, -Scott Eastwood ( b. 1986), -Kathryn Reeves ( b. 1988), with Fisher:, -Francesca Eastwood ( b. 1993), with Ruiz:, -Morgan Eastwood ( b. 1996), by a woman who declines to be identified:, Laurie Murray (b. 1954). 	Clint Eastwood has not been the governor of California .	2
861	T545	GW12	 The origin of Clean Bandit is Cambridge, Cambridgeshire, England.  The genres of Clean Bandit are Electronic, classical crossover, electropop, dance-pop.  The labels of Clean Bandit are Atlantic, Black Butter.  The associated acts of Clean Bandit are Jess Glynne, Marina, Anne-Marie. 	Clean Bandit is not a country music group originating in England .	2
161	T1464	GW84	   John James Rickard Macleod, FRS is a person.  John James Rickard Macleod, FRS was born on ( 1876-09-06 ) 6 September 1876  Clunie, Perthshire, Scotland.  John James Rickard Macleod, FRS died on 16 March 1935 (1935-03-16)  (aged 58)  Aberdeen, Scotland.  The awards of John James Rickard Macleod, FRS is Nobel Prize in Physiology or Medicine (1923).   	John James Rickard Macleod didn't die in a country outside of where he was born .	2
1457	T1370	GW27	 The occupation of Bruno Mars are Singer, songwriter, record producer, dancer.  The genres of Bruno Mars are R&B, funk, pop, soul, reggae, rock, hip hop.  The labels of Bruno Mars are Universal Motown, Atlantic, Elektra.  The associated acts of Bruno Mars are The Smeezingtons, Shampoo Press & Curl, The Hooligans, Mark Ronson, Jeff Bhasker, Andrew Wyatt. 	Bruno Mars hadn't had his biggest success with Universal Motown .	1
172	T1480	GW1	"   John McCain is a person.  The years of service of John McCain was on 1958-1981.  The battles/wars of John McCain are Vietnam War (POW), Operation Rolling Thunder (WIA).  The awards of John McCain are Silver Star, Bronze Star Medal (3) with Combat ""V"", Purple Heart, Legion of Merit (2) with Combat ""V"", Distinguished Flying Cross, Navy and Marine Corps Commendation Medal (2) with Combat ""V"", Others.    "	John McCain didn't serve for more than two decades .	0
425	T190	GW4	 Chew has a Monthly schedule.  The format of Chew is Ongoing series.  The publication date of Chew was on June   2009 - November   2016.  The no. of issues of Chew is 60. 	Chew hasn't had only 20 issues released .	2
1912	T2497	GW31	 The productioncompanies of Monty Python and the Holy Grail are Python (Monty) Pictures, Michael White Productions, National Film Trustee Company.  Monty Python and the Holy Grail was distributed by EMI Films (UK), Cinema 5 (US).  The release date of Monty Python and the Holy Grail are 3 April 1975 (1975-04-03) (United Kingdom), 27 April 1975 (1975-04-27) (United States).  Monty Python and the Holy Grail is a movie. 	Monty Python and the Holy Grail was not the highest grossing film in 1975 .	1
699	T960	GW51	 Cafe Terrace at Night is a painting.  The artist of Cafe Terrace at Night is Vincent van Gogh.  The medium of Cafe Terrace at Night is Oil on canvas.  The location of Cafe Terrace at Night is Kroller-Muller Museum, Otterlo.  	Van Gough's CafŽ Terrace at Night was not his last painting before he cut off his ear .	1
454	T155	GW0	 Pandit Jawaharlal Nehru was born on 14 November 1889 ( 1889-11-14 )  Allahabad, North-Western Provinces, British India   (present-day Uttar Pradesh, India).  Pandit Jawaharlal Nehru died on 27 May 1964 (1964-05-27)  (aged 74) New Delhi, Delhi, India.  The cause of death of Pandit Jawaharlal Nehru is Heart attack.  The spouse(s) of Pandit Jawaharlal Nehru is Kamala Nehru ( m.  1916; died 1936). 	Jawaharlal Nehru didn't die in the same country he was born .	0
198	T688	GW28	   The born of Dennis Gabor is Günszberg Dénes , (1900-06-05)5 June 1900 , Budapest, Kingdom of Hungary.  Dennis Gabor died on 9 February 1979(1979-02-09) (aged 78) , London, England.  The spouse(s) of Dennis Gabor is Marjorie Louise Butler ( m. 1936) (1911-1981).  The awards of Dennis Gabor was on FRS (1956), Young Medal and Prize (1967), Rumford Medal (1968), IEEE Medal of Honor (1970), Nobel Prize in Physics (1971).   	Dennis Gabor was not a 20th century Nobel Price winning Physicist . .	0
541	T1005	GW6	 The Cardsharps is a painting.  The artist of The Cardsharps is Caravaggio.  The medium of The Cardsharps is Oil on canvas.  The location of The Cardsharps is Kimbell Art Museum, Fort Worth.  	The Kimbell Art Museum doesn't have many oil paintings .	1
777	T706	GW35	 Diana and Callisto is a painting.  The artist of Diana and Callisto is Titian.  The medium of Diana and Callisto is Oil on canvas.  The location of Diana and Callisto is The National Gallery, London and The National Gallery of Scotland, Edinburgh.  	Diana and Callisto is not a watercolor painting .	2
1089	T1832	GW93	 The doctoral advisor of Ivan Pului was on August Kundt.   Ivan Pului was born on 2 February 1845  Hrymayliv, Austrian Empire (present-day Ukraine).  Ivan Pului died on 31 January 1918 (aged 72)  Prague, Austria-Hungary (present-day Czech republic).  Ivan Pului was known for X rays. 	Ivan Pului didn't die in his 40s .	2
514	T402	GW37	 The labels of Janis Joplin is Columbia Records.  Janis Joplin was born on January 19, 1943 ( 1943-01-19 ) Port Arthur, Texas, U.S..  Janis Joplin died on October 4, 1970 (1970-10-04)  (aged 27)  Los Angeles, California, U.S..  The resting place of Janis Joplin is Ashes scattered into the Pacific Ocean. 	Janis didn't heroine in Los Angeles California .	0
204	T285	GW0	   Death Proof was distributed by Dimension Films.  The release date of Death Proof is April 6, 2007  ( 2007-04-06 )     (released as part of double-feature titled  Grindhouse ).  Death Proof was produced by Quentin Tarantino , Robert Rodriguez , Elizabeth Avellen , Erica Steinberg.  The production company of Death Proof is Troublemaker Studios.   	Death Proof was not produced and distributed by the same movie studio .	2
1590	T2584	GW116	 The area served of Royal Dutch Shell PLC is Worldwide.  The key people of Royal Dutch Shell PLC are Charles O. Holliday (Chairman), Ben van Beurden (CEO).  The industry of Royal Dutch Shell PLC is Oil and gas.  The type of Royal Dutch Shell PLC is Public limited company. 	Royal Dutch Shell PLC has always not been worldwide .	1
611	T462	GW28	 Chocolate Starfish and the Hot Dog Flavored Water was released on October 17, 2000.  Chocolate Starfish and the Hot Dog Flavored Water was recorded on February 2000 - May 2000.  The length of Chocolate Starfish and the Hot Dog Flavored Water is 75 : 00.  The producer of Chocolate Starfish and the Hot Dog Flavored Water is Terry Date.  	Chocolate Starfish and the Hot Dog Flavored Water was not released over two decades ago .	2
1656	T2653	GW122	 The in office 1 of Danilo Astori was on March 1, 2010 – March 1, 2015 (1), March 4, 2015 (2), March 1, 2005 – September 18, 2008 (3), February 15, 1990 – March 1, 2005 (4).  The preceded by of Danilo Astori are Rodolfo Nin Novoa(1), Mario Bergara(2), Isaac Alfie (3).  The website of Danilo Astori is www.2121.org.uy.   The born of Danilo Astori is Danilo Ángel Astori Saragosa ,  (1940-04-23) April 23, 1940 (age 79) , Montevideo, Uruguay. 	The website is not www . 2121 . org . uy	0
1711	T2633	GW31	 The country of Tianjin is People's Republic of China.  The time zone of Tianjin is UTC+8 (CST).  The municipality of Tianjin are Population: 15,621,200 (2016), Area: 11,946 km2 (4,612 sq mi).  The city flower of Tianjin is Chinese rose. 	Tianjin is not one of the oldest municipalities in China dating back to times before Christ .	1
1238	T1348	GW27	 The criteria for collection of Other information is Suecana: publications published, broadcast or recorded in Sweden or  by Swedish originator or concerning Sweden.  The country of Other information is Sweden.  The access requirements of Other information is Free. Registration for loans: be Swedish resident or citizen over 18. (Audiovisual may only be accessed for research purposes).  The reference to legal mandate of Other information is The Government Approval Document for The Swedish National Library (available in Swedish). 	Kungliga biblioteket is not Sweden's oldest library .	1
914	T853	GW28	 Death Grips is a musician.  The genres of Death Grips are Experimental hip hop, electropunk, industrial hip hop, rap rock.  The labels of Death Grips are Third Worlds, Harvest, Epic, Warp, Deathbomb Arc.  The associated acts of Death Grips are The I.L.Y's, Bjork, Andrew Adamson, Justin Chancellor, Justice Yeldham, Nervous Cop, Tera Melos, Ministry, Nine Inch Nails. 	Death Grips doesn't focus on soft ballads and love songs .	2
979	T482	GW51	 The soviet annexation  was on February 25 1921.   The common languages of Democratic Republic of Georgia are Official Georgian  Regional:, Russian, Armenian, Azerbaijani, Svan, Mingrelian, Laz.  The established  was on May 26 1918.  The soviet invasion  was on February 11, 1921. 	Georgia was originally not annexed by the Soviet Union and became its own country after the USSR disbanded .	1
1757	T2027	GW77	 Hot Fuss is a album.  Hot Fuss was released on June 7, 2004.  Hot Fuss was recorded on 2003.  The studio of Hot Fuss are The Hearse (Berkeley, California), Cornerstone (Los Angeles, California), Dave Keuning's apartment (Las Vegas, Nevada). 	The album was not recorded and finished completely in 2003 and was released in 2004 in June .	1
538	T336	GW27	 Charles Snead Houston was born on August 24, 1913 ( 1913-08-24 )  New York City, New York.  The spouse(s) of Charles Snead Houston is Dorcas Laidley Tiemeyer (m. 1941).  The children of Charles Snead Houston is 1 daughter Penny, and two sons David and Robin..  The parent(s) of Charles Snead Houston are Oscar Rempel Houston , Nelly Snead MacDonald.  	Penny was not Dorcas Laidley Tiemeyer's first child .	1
34	T139	GW1	 The year of Circe Invidiosa is 1892.  The medium of Circe Invidiosa is Oil on canvas.  The dimensions of Circe Invidiosa is 179 cm 85 cm (70 in 33 in).  The location of Circe Invidiosa is Art Gallery of South Australia, Adelaide.  	Circe Invidiosa is not more than 6 feet wide .	2
171	T43	GW2	   James Hetfield is a musician.  The birth name of James Hetfield is James Alan Hetfield.  James Hetfield was born on ( 1963-08-03 )  August 3, 1963  (age 55)  Downey, California, U.S..  The occupation(s) of James Hetfield are Musician, songwriter, producer.   	James Hetfield was not born on the west coast .	0
98	T422	GW28	   Jerry Lee Lewis is a musician.  Jerry Lee Lewis was born on ( 1935-09-29 )  September 29, 1935  (age 83)  Ferriday, Louisiana, U.S..  The occupation(s) of Jerry Lee Lewis are Singer, pianist, musician, songwriter, actor.  The instruments of Jerry Lee Lewis are Vocals, piano, guitar.   	Jerry Lee Lewis didn't die while playing the piano .	2
631	T888	GW51	 The mother of Charles II is Henrietta Maria of France.   Charles II was born on 29 May 1630 ,  (N.S.: 8 June 1630)  , St James's Palace, London, England.  The house of Charles II is Stuart.  The father of Charles II is Charles I of England. 	Charles II was not a member of the royal family of Stuart in England .	0
216	T740	GW51	   Republic of Croatia is a country.  The joined the european union was on 1 July 2013.   The personal union with hungary was on 1102.  The secession fromaustria-hungary was on 29 October 1918.   	Croatia doesn't have as much coastline as the country of Sweden .	1
206	T137	GW0	   Hawkwind was also known as Hawkwind Zoo, Sonic Assassins, Hawklords, Psychedelic Warriors, Group X, Hawkwind Light Orchestra, The Elves of Silbury Hill.  The years active of Hawkwind was on 1969 - present.  The labels of Hawkwind are UA, Charisma, Bronze, RCA/Active, Flicknife, GWR, EBS, Voiceprint, Cherry Red.  The associated acts of Hawkwind are Space Ritual, Inner City Unit, Motarhead, Pink Fairies.   	Hawkwind hasn't been performing for over 40 years .	0
737	T512	GW51	 Denys Fisher is a person.  Denys Fisher was born on 11 May 1918  Leeds, England.  Denys Fisher died on 17 September 2002 (Aged 84)  Barrow-in-Furness, England.  Denys Fisher was known for Inventor of Spirograph. 	Fisher was not a key figure in getting One Tower Bridge built in London .	1
1469	T1232	GW12	 The sire of Carbine is Musket (GB).  The record of Carbine is 43: 33-6-3.  The earnings of Carbine was on ₤29,626 (a record for over 20 years).   Carbine was foaled on 1885. 	Foaled in 1885 , Carbine didn't hold an earning record for over 20 years .	1
1034	T1871	GW69	 I Decided was released on February 3, 2017.  The studio of I Decided are Big Island, Kona, HI, Doe, Los Angeles, CA, Germano, New York City, NY, Glenwood Place, Burbank, CA, Max Martin's Studio, Los Angeles, CA, Metropolis, London, UK, Vatican, Los Angeles, CA.  The label of I Decided are Def Jam, GOOD.  The producer of I Decided are Big Sean (also exec.), Kanye West (exec.), Allen Ritter, Amaire Johnson, Cary Singer, Detail, DJ Dahi, DJ Khalil, DJ Mustard, FrancisGotHeat, Fuse, Gregg Rominiecki, Hey DJ Camper, Hitmaka, Key Wane, Maximilian Jaeger, Metro Boomin, RobGotBeats, Sidney Swift, Smash David, The Track Burnaz, Travis Scott, Tre Pounds, WondaGurl.  	I didn't decide ' is a studio album released on February 3 , 2017 by labels - Def Jam and GOOD .	0
395	T816	GW4	   Curling at the XXIII Olympic Winter Games is a sports event.  The venue of Curling at the XXIII Olympic Winter Games is Gangneung Gymnasium.  The no. of events of Curling at the XXIII Olympic Winter Games is 3 (1 men, 1 women, 1 mixed).  The competitors of Curling at the XXIII Olympic Winter Games is 116 from 13 nations.    	Both men and women didn't compete together in the Curling at the XXIII Olympic Winter Games .	1
1334	T1237	GW27	 Bring Me the Horizon is a musician.  The origin of Bring Me the Horizon is Sheffield, South Yorkshire, England.  The genres of Bring Me the Horizon are Metalcore, alternative metal, alternative rock, post-hardcore, electronic rock, deathcore (early).  The labels of Bring Me the Horizon are BMG, Sony, RCA, Columbia, Visible Noise, Epitaph, Thirty Days of Night, Earache, Shock. 	Bring Me the Horizon is not a metal band from England .	0
1054	T1270	GW27	 California is a album.  California was released on July 1, 2016 , May 19, 2017 (Deluxe edition).  California was recorded on January-March 2016.  The studio of California is Foxy Studios in Woodland Hills, California. 	'California's' deluxe edition was not released the same year the original was recorded .	2
1510	T1234	GW22	 Carl Walther is a person.  Carl Walther was born as Carl Wilhelm Freund Walther , (1858-11-22)November 22, 1858.  Carl Walther died on July 9, 1915(1915-07-09) (aged 56).  The spouse(s) of Carl Walther is Minna Georgine Pickert.  	Carl Walther didn't have no spouse during his lifetime and died at the age of 57 .	2
410	T816	GW6	   Curling at the XXIII Olympic Winter Games is a sports event.  The venue of Curling at the XXIII Olympic Winter Games is Gangneung Gymnasium.  The dates of Curling at the XXIII Olympic Winter Games is 8-25 February.  The no. of events of Curling at the XXIII Olympic Winter Games is 3 (1 men, 1 women, 1 mixed).   	Curling at the Gangneug Gymnasium during the Olympics didn't have no women's events .	2
145	T20	GW1	   The origin of Flatbush Zombies is Flatbush, New York, U.S..  The genres of Flatbush Zombies are East Coast hip hop ,  psychedelic hip hop.  The years active of Flatbush Zombies was on 2010 - present.  The associated acts of Flatbush Zombies are Action Bronson , RZA , Pro Era , ASAP Mob , Bodega Bamz , Danny Brown , Kilo Kish , The Underachievers , World's Fair , Joey Badass , Skepta.   	Flatbush Zombies are not named , in part , after the city they are from .	0
1157	T1123	GW28	 Breaking Benjamin is a musician.  Breaking Benjamin was also known as Plan 9.  The genres of Breaking Benjamin are Hard rock, post-grunge, alternative metal.  The years active of Breaking Benjamin was on 1999-2010, 2014-present. 	Breaking Benjamin is not a five-member group of high school friends .	1
298	T37	GW0	 Chris Cornell was born on July 20, 1964 ( 1964-07-20 ) Seattle, Washington, U.S..  Chris Cornell died on May 18, 2017 (2017-05-18)  (aged 52)  Detroit, Michigan, U.S..  The cause of death of Chris Cornell is Suicide by hanging.  The associated acts of Chris Cornell are Soundgarden , Audioslave , Pearl Jam , Temple of the Dog , Center for Disease Control Boys , Alice Mudgarden , M.A.C.C. , Heart , Mad Season. 	Chris Cornell didn't die in the United States .	0
2018	T2401	GW121	 Halifax is a city.  The land area of Halifax is 5,490.35 km 2  (2,119.84 sq mi).  The urban area of Halifax is 234.72 km 2  (90.63 sq mi).  The metro area of Halifax is 5,496.31 km 2  (2,122.14 sq mi). 	The area taken up by the metro area of Halifax is not more than 100 times more than its urban area .	2
505	T1089	GW14	 Casino was produced by Barbara De Fina.  Casino was screenplay by Nicholas Pileggi, Martin Scorsese.  Casino was based on Casino  , by Nicholas Pileggi.  Casino was starring Robert De Niro, Sharon Stone, Joe Pesci, Don Rickles, Kevin Pollak, James Woods. 	Nicholas Pileggi didn't hold the highest position on the production of Casino .	2
1954	T2553	GW116	 The coordinates of Alexandria is  31°12′N 29°55′E﻿ / ﻿31.200°N 29.917°E.  The founded of Alexandria is 331 BCE.  The founded by of Alexandria is Alexander the Great.  Alexandria was total on Population (Oct 2018) : 5,200,000, Area: 2,679 km2 (1,034 sq mi). 	Alexandria was not founded in 331 BCE .	0
188	T27	GW0	 In the box office, Charlie and the Chocolate Factory made $475 million.   The release date of Charlie and the Chocolate Factory are July 10, 2005  ( 2005-07-10 )  (Grauman's Chinese Theatre) , July 15, 2005  ( 2005-07-15 )  (United States) , July 29, 2005  ( 2005-07-29 )  (United Kingdom).  Charlie and the Chocolate Factory was starring Johnny Depp , Freddie Highmore , David Kelly , Helena Bonham Carter , Noah Taylor , Missi Pyle , James Fox , Deep Roy , Christopher Lee.  The country of Charlie and the Chocolate Factory are United States , United Kingdom , Australia. 	Charlie and the Chocolate Factory didn't gross more money in the United Kingdom .	1
879	T896	GW66	 The manufacturer of Caffeine Free Pepsi is Pepsi.  The country of origin of Caffeine Free Pepsi is United States.  Caffeine Free Pepsi was introduced on 1982.  The related products of Caffeine Free Pepsi is Caffeine-Free Coca-Cola.  	Pepsi doesn't intend to introduce Caffeine Free Pepsi three years from now .	2
87	T1690	GW86	   The ring name(s) of Jinder Mahal are Jinder Mahal, Raj Dhesi, Raj Singh, Tiger Raj Singh.  The billed weight of Jinder Mahal is 238 lb (108 kg).  The billed from of Jinder Mahal is Punjab, India.  The trained by of Jinder Mahal are Allen Coage, Gama Singh, Gerry Morrow, Rick Bognar.   	Jinder Mahal doesn't live in Punjab , India .	1
1672	T2542	GW124	 The origin of The Nice is London, England.  The genres of The Nice are Progressive rock, psychedelic rock, jazz fusion, art rock, proto-prog.  The associated acts of The Nice are Emerson, Lake & Palmer, P. P. Arnold, Refugee.  The past members of The Nice is Keith Emerson , Lee Jackson , David O'List , Ian Hague , Brian Davison.  	The Nice was not created by Keith Emerson .	1
863	T326	GW4	 By the Way is a album.  By the Way was released on July 9, 2002.  By the Way was recorded on November 2001 - May 2002.  The studio of By the Way is Cello Studios and Chateau Marmont in Los Angeles. 	The album By the Way was all not recorded in one town .	1
1859	T2473	GW121	 The president of the senate of the republic of Elisabetta Casellati was on Assumed office: 24 March 2018, President : Sergio Mattarella, Preceded by : Pietro Grasso.  The member of the senate of the republic of Elisabetta Casellati was on Assumed office: 23 May 2018, 30 May 2001 – 15 September 2014, 15 April 1994 – 8 May 1996, Constituency : Veneto.  Elisabetta Casellati was born as Maria Elisabetta Alberti ,  (1946-08-12) 12 August 1946 (age 73) , Rovigo, Italy.  The political party of Elisabetta Casellati is Forza Italia (1994-2009) , People of Freedom (2009-2013) , Forza Italia (2013-present). 	Elisabetta Caselatti hasn't served as President of the Senate of the Republic for more than 10 years .	2
313	T1174	GW4	   The location of Television/radio coverage is The O2 Arena (2010-) , Royal Albert Hall (1996-2008) , Wembley Conference Centre (1995).  The country of Television/radio coverage is United Kingdom.  The hosted by of Television/radio coverage is Eamonn Holmes (1995) , Sir Trevor McDonald (1996-2008) , Dermot O'Leary (2010-19).  Television/radio coverage was first awarded on 1995.   	The National Television Awards hasn't always had the same host .	2
140	T1880	GW28	   Jack Nicholson was born on April 22, 1937  (age 81)   Neptune City, New Jersey, U.S..  The number of children of Jack Nicholson are 5, including Lorraine Nicholson.  The years active of Jack Nicholson is 1953-present.  The partner(s) of Jack Nicholson are Anjelica Huston (1973-1990), Rebecca Broussard (1989-1994), Lara Flynn Boyle (1999-2001).   	Jack Nicholson didn't start his career in his early twenties .	2
1375	T1304	GW35	 The campus of Boston University is Urban, 135 acres (0.55 km 2 ).  The motto of Boston University is Learning, Virtue, Piety.  The sporting affiliations of Boston University is NCAA Division I - Patriot League, Hockey East.  The type of Boston University is Private, research. 	Boston University doesn't encourage both indoor and outdoors sports .	1
1141	T1821	GW84	 The genre of Hugo Gernsback is Science fiction.   The birth name of Hugo Gernsback is Hugo Gernsbacher.  The pen name of Hugo Gernsback are Beno Ruckshagg, Erno Shuckbagg, Grace G. Hucksnob, Grego Banshuck, Greno Gashbuck, Gus N. Habergock, Kars Gugenchob.  The occupation of Hugo Gernsback are Inventor, magazine publisher, editor, writer. 	Hugo Gernsback was not known more for his work as an editor .	1
1250	T1163	GW22	 Burt Reynolds was born as Burton Leon Reynolds Jr. , (1936-02-11)February 11, 1936 , Lansing, Michigan, U.S..  Burt Reynolds died on September 6, 2018(2018-09-06) (aged 82) , Jupiter, Florida, U.S..  The occupation of Burt Reynolds is Actor, director, producer.  The spouse(s) of Burt Reynolds is Judy Carne , ( m. 1963;  div. 1965) , Loni Anderson , ( m. 1988;  div. 1993). 	Burt Reynolds was not an American actor , director and producer born on February 11 , 1936 in Lansing , Michigan , U . S .	0
1641	T2446	GW4	 2018 Winter Olympics is a sport.  The number of matches played in 2018 Winter Olympics are 30.  The number of goals scored in 2018 Winter Olympics are 154 (5.13 per match).  The number of attendance in 2018 Winter Olympics are 138,327 (4,611 per match).  	The 2018 Winter Olympics didn't have more than 100 point scored .	0
1838	T2661	GW116	 The subsidiaries of China Unicom is China Unicom Global, CUniq HK, CUniq UK, CUniq US, PCCW 18.48%, China Tower 28.1%.  The type of China Unicom is Public.  The footnotes / references of China Unicom is data obtained from China United Network Communications Ltd. (the accounts of the parent company was not disclosed); in consolidated financial statement; excluding minority interests to red chip minority shareholders.   The industry of China Unicom is Telecommunications. 	China Unicom is not a public company .	0
283	T34	GW1	 John Paul Getty III is a person.  The children of John Paul Getty III is Balthazar Getty.  The parent(s) of John Paul Getty III are Sir John Paul Getty ,  Abigail Harris.  The relatives of John Paul Getty III are Mark Getty  (brother)  Ariadne Getty  (sister)  J. Paul Getty  (paternal grandfather)  Ann Rork Light  (paternal grandmother)  George Getty  (paternal great-grandfather)  Sam E. Rork  (maternal great-grandfather) ,  Gordon Getty  (paternal uncle).  	One of John Paul Getty III's parents hadn't been knighted .	0
379	T557	GW51	   The manufacturer of Club (soft drink) is Britvic Ireland.  The country of origin of Club (soft drink) is Ireland.  The colour of Club (soft drink) is Orange.  The related products of Club (soft drink) are Club Lemon, Club RockShandy, Club Apple, Club Energise.    	Club is not an Irish soft drink .	0
604	T784	GW6	 The origin of Coldplay is London, England.  The genres of Coldplay are Alternative rock, pop rock, post-Britpop, pop.  The labels of Coldplay are Parlophone, Capitol, Atlantic.  The associated acts of Coldplay are Los Unidades, Apparatjik, Noel Gallagher, Brian Eno, Jon Hopkins, Davide Rossi. 	No band signed to the Parlophone label hasn't originated in the capital of England .	2
1754	T2395	GW52	 Women's vault at the Games of the XXX Olympiad is a sports event.  The venue of Women's vault at the Games of the XXX Olympiad is North Greenwich Arena.  The date of Women's vault at the Games of the XXX Olympiad is 5 August.  The winning points of Women's vault at the Games of the XXX Olympiad is 15.191.  	The women's vault at the XXX Olympiad didn't take place in September .	2
297	T188	GW4	 In the box office, Insomnia made $113.7 million.   Insomnia is a movie.  The release date of Insomnia are May 3, 2002  ( 2002-05-03 )  (Tribeca Film Festival) , May 24, 2002  ( 2002-05-24 )  (United States).  Insomnia was starring Al Pacino ,  Robin Williams ,  Hilary Swank ,  Maura Tierney ,  Martin Donovan ,  Nicky Katt ,  Paul Dooley. 	The film Insomnia didn't come out in 2003 .	2
258	T2028	GW94	   The production company of Hot Fuzz are StudioCanal, Working Title Films, Big Talk Productions.  Hot Fuzz is a movie.  The release date of Hot Fuzz are 16 February 2007 (United Kingdom), 20 April 2007 (United States), 18 July 2007 (France).  In the box office, Hot Fuzz made $80.7 million  (United States).    	Working Title Films was not made in German .	2
1531	T2312	GW111	 Early Sunday Morning is a painting.  The year of Early Sunday Morning is 1930.  The medium of Early Sunday Morning is Oil paint, canvas.  The dimensions of Early Sunday Morning is 89.4 cm (35.2 in)   153 cm (60 in).  	Early Sunday Morning was not painted using watercolors .	2
273	T1601	GW1	   Jimmy Eat World is a musician.  The origin of Jimmy Eat World is Mesa, Arizona, U.S..  The genres of Jimmy Eat World are Alternative rock, emo pop, emo,  power pop, pop punk.  The labels of Jimmy Eat World are Wooden Blue, Capitol, Fueled by Ramen, Big Wheel Recreation, DreamWorks, Better Looking, Interscope, Western Tread, Geffen, DGC, RCA, Dine Alone.   	Jimmy Eat World didn't make more music on the Capitol label than Dreamworks .	1
1603	T2644	GW116	 The running time of La Grande Abbuffata is 135 minutes , 123 minutes (censored cut).  La Grande Abbuffata was produced by Vincent Malle , Jean-Pierre Rassam.  La Grande Abbuffata was written by Marco Ferreri , Rafael Azcona.  The release date of La Grande Abbuffata is 1973 (1973). 	La Grande Abbuffata didn't take 1 year to make .	1
983	T1283	GW51	 Britney was released on November 16, 2001 (2001-11-16).  Britney was recorded on February - July 2001.  The studio of Britney are Battery Studios, Right Track Studios, Sound on Sound Studios, Sterling Sound Studios, The Hit Factory , (New York City, New York), The DOJO , (Jackson, New Jersey), Master Sound Studios, Windmark Studios , (Virginia Beach, Virginia), Hit Factory Criteria , (Miami, Florida), 2nd Floor Recording , (Orlando, Florida), Record Plant, Rusk Sound Studios , (Los Angeles, California), Westlake Recording Studios , (West Hollywood, California), Jailhouse Studios, Maratone Studios , (Stockholm, Sweden).  The producer of Britney are BT, Rodney Jerkins, Brian Kierulf, Peter Kvint, Max Martin, The Neptunes, Rami, Wade J. Robson, Josh Schwartz, Justin Timberlake.  	Britney is not a 2001 album produced and created by several different producers and studios .	0
1991	T2314	GW116	 The portuguese timor was on 16th century.  The independence declared was on 28 November 1975.  The administered by untaet was on 25 October 1999.  The independence restored was on 20 May 2002.  	Portuguese Timor didn't happen over 200 years .	1
587	T884	GW59	 Burn Energy is a food&drink.  The type of Burn Energy is Energy Drink.  The manufacturer of Burn Energy is Monster Beverage.  The variants of Burn Energy are Burn Original ,  Burn Tropical ,  Burn Berry ,  Burn Blue ,  Burn Mocha Energy (Coffee-flavored and non-carbonated) ,  Burn Sugarfree ,  Burn Lemon Ice.  	Burn Sugarfree is not just as popular as the sugar-filled varieties .	1
878	T621	GW35	 Diana and Actaeon is a painting.  The artist of Diana and Actaeon is Titian.  The medium of Diana and Actaeon is Oil on canvas.  The location of Diana and Actaeon is National Gallery, London.  	Diana and Actaeon is not a digital painting .	2
2029	T2613	GW120	 The Commitments was directed by Alan Parker.  The release date of The Commitments are 6 August 1991 (1991-08-06) (West Hollywood), 14 August 1991 (1991-08-14) (United States).  The budget of The Commitments is $12-15 million.  In the box office, The Commitments made $14.9 million.  	The Commitments , English film was not directed by Alan Parker was released in the year 1991 earned $14 . 9 million .	0
995	T934	GW59	 The species of Chetak is Horse.  The breed of Chetak is unknown.  Chetak died on 1576 , Rajsamand, Rajasthan.  The notable role of Chetak is War horse.  	Chetak didn't give birth to four foals .	2
18	T783	GW14	   The type of Crystal Light is Flavored water.  The manufacturer of Crystal Light is Kraft Foods.  The variants of Crystal Light are On The Go (single-serve packets of beverage mix),  multi-serve canisters (multi-serve packets of beverage mix),  liquid.  The website of Crystal Light is www.CrystalLight.com.    	The Crystal Light brand doesn't have an online presence .	0
357	T230	GW1	 The city area of Evansville, Indiana is 47.84 sq mi (123.90 km 2 ).  The land area of Evansville, Indiana is 47.35 sq mi (122.63 km 2 ).  The water area of Evansville, Indiana is 0.49 sq mi (1.27 km 2 ).  The metro area of Evansville, Indiana is 2,367 sq mi (6,130 km2).  	Evansville , Indiana doesn't have more than a square mile of water in it .	2
903	T584	GW51	 Clerks was produced by Scott Mosier Kevin Smith.  Clerks was written by Kevin Smith.  Clerks was starring Brian O'Halloran, Jeff Anderson, Marilyn Ghigliotti, Jason Mewes, Lisa Spoonauer.  Clerks was edited by Scott Mosier, Kevin Smith. 	Kevin Smith wouldn't later star in a movie with Jason Mewes .	1
723	T701	GW21	 Cleopatra VII Philopator is a person.  The reign of Cleopatra VII Philopator is 51 BC to 10 or 12 August 30 BC (21 years).  The successor of Cleopatra VII Philopator is Ptolemy XV Caesarion.  The co-rulers of Cleopatra VII Philopator are Ptolemy XII Auletes, Ptolemy XIII Theos Philopator, Ptolemy XIV, Ptolemy XV Caesarion.  	Cleopatra VII was not a puppet of her roman rulers that dictated her every move .	1
1908	T2013	GW4	 In the box office, Indiana Jones and the Temple of Doom made $333.1 million.   The production company of Indiana Jones and the Temple of Doom is Lucasfilm Ltd..  The release date of Indiana Jones and the Temple of Doom are May 8, 1984 (Westwood), May 23, 1984 (United States).  Indiana Jones and the Temple of Doom is a movie. 	Indiana Jones and the Temple of Doom was not made by the same company that made Star Wars .	1
1879	T2017	GW84	 Hopeless Fountain Kingdom is a album.  Hopeless Fountain Kingdom was released on June 2, 2017 .  Hopeless Fountain Kingdom was recorded on August 2016 - January 2017.  The producer of Hopeless Fountain Kingdom are Benny Blanco, Cashmere Cat, Greg Kurstin, Happy Perez, Lido, Ricky Reed, Roget Chahayed.  	Hopeless Fountain Kingdom was not the first album that Ricky Reed had worked on .	1
1345	T1119	GW72	 Burzum was also known as Count Grishnackh.  The genres of Burzum are Black metal, dark ambient, neo-Medieval music.  The years active of Burzum was on 1991-1999, 2009-2018.  The associated acts of Burzum are Mayhem, Old Funeral, Darkthrone. 	Burzum was not active since 1991	0
1813	T2463	GW116	" Jonatan ""Cactus"" Söderström is a person.  The occupation of Jonatan ""Cactus"" Söderström is Game Designer.  The website of Jonatan ""Cactus"" Söderström is CactusSquid.com.  "	Jonatan has not been a game designer for 8 years .	1
795	T1209	GW51	 Channel Orange is a album.  Channel Orange was released on July 10, 2012 (2012-07-10).  The studio of Channel Orange are EastWest, Hollywood, CA, Henson, Hollywood, CA, Manhattan Sound Recording, New York, NY, Record Plant, Hollywood, CA, San Ysidro, Beverly Hills, CA, Studio for the Talented and Gifted, Los Angeles, CA, Westlake, Los Angeles, CA.  The producer of Channel Orange are Frank Ocean, Jonathan Ikpeazu, Malay, Om'Mas Keith, Pharrell Williams, Shea Taylor, Tyler, the Creator.  	Channel Orange was not Frank Ocean's debut studio album .	1
488	T429	GW4	   The type of Compton, California is Council-Manager.  The city council of Compton, California are Mayor: Aja Brown, Janna Zurita, Isaac Galvan, Tana McCoy, Nandak Dhurjati.  The city attorney of Compton, California is Craig J. Cornwell.  The city treasurer of Compton, California is Douglas Sanders.   	Compton , California is not known for being a representational democracy .	2
370	T628	GW51	   Dave Matthews Band was also known as DMB.  The origin of Dave Matthews Band is Charlottesville, Virginia, United States.  The genres of Dave Matthews Band are Rock, jam band, jazz fusion, folk rock, funk rock, pop rock, pop, soft rock, adult contemporary, alternative rock.  The associated acts of Dave Matthews Band are Dave Matthews and Tim Reynolds, Pearl Jam, Béla Fleck and the Flecktones, Phish, Mumford and Sons, Ed Sheeran, John Mayer.   	DMB is not a rock band that started in Virginia .	0
1738	T2425	GW119	 Reichsführer-SS Heinrich Himmler is a country.  The in office was on 7 October 1939 – 29 April 1945.  The preceded by of Reichsführer-SS Heinrich Himmler is Office established.  The succeeded by of Reichsführer-SS Heinrich Himmler is Office abolished.  	Heinrich Himmler didn't die of natural causes . .	1
562	T1100	GW12	 Catherine was born as Catherine Elizabeth Middleton ,  (1982-01-09) 9 January 1982 (age 36) , Royal Berkshire Hospital, Reading, Berkshire, England.  The spouse of Catherine is Prince William, Duke of Cambridge  ,  ( m. 2011).  The issue of Catherine are Prince George of Cambridge, Princess Charlotte of Cambridge, Prince Louis of Cambridge.  The father of Catherine is Michael Middleton. 	Prince William was not married to Catherine Middleton in Berkshire , England .	1
1113	T1934	GW86	 Hysteria is a album.  Hysteria was released on 3 August 1987 .  Hysteria was recorded on February 1984-January 1987.  The studio of Hysteria are Wisseloord Studios, Hilversum, Windmill Lane Studio 2, Dublin, Studio Des Dames, Paris. 	Hysteria was not recorded in multiple music studios .	0
254	T1174	GW22	   The location of Television/radio coverage is The O2 Arena (2010-) , Royal Albert Hall (1996-2008) , Wembley Conference Centre (1995).  The country of Television/radio coverage is United Kingdom.  The hosted by of Television/radio coverage is Eamonn Holmes (1995) , Sir Trevor McDonald (1996-2008) , Dermot O'Leary (2010-19).  Television/radio coverage was first awarded on 1995.   	National Television Awards hasn't been first awarded in 1995 .	0
1841	T2365	GW52	 The artist of Girl with a Pearl Earring is Johannes Vermeer.  The year of Girl with a Pearl Earring is c. 1665.  The type of Girl with a Pearl Earring is Tronie.  The dimensions of Girl with a Pearl Earring is 44.5 cm   39 cm (17.5 in   15 in). 	Girl with a Pearl Earring is not over 500 years old	2
563	T1087	GW12	 The breed of Chanel is Dachshund.  Chanel was born on (1988-05-06)May 6, 1988 , Newport News, Virginia.  Chanel died on August 28, 2009(2009-08-28) (aged 21) , Port Jefferson Station, New York.  Chanel was known for once thought to be world's oldest dog.  	Chanel didn't die in the spring of 2009 .	2
21	T1174	GW22	   The location of Television/radio coverage is The O2 Arena (2010-) , Royal Albert Hall (1996-2008) , Wembley Conference Centre (1995).  The hosted by of Television/radio coverage is Eamonn Holmes (1995) , Sir Trevor McDonald (1996-2008) , Dermot O'Leary (2010-19).  Television/radio coverage was first awarded on 1995.  The network of Television/radio coverage is ITV.   	Dermot O'Leary is not the only host of National Television Awards .	2
992	T646	GW54	 In the box office, Deepwater Horizon made $121.8 million.   The running time of Deepwater Horizon is 107 minutes.  The release date of Deepwater Horizon are September 13, 2016 (2016-09-13) (TIFF), September 30, 2016 (2016-09-30) (United States).  Deepwater Horizon was based on Deepwater Horizon's Final Hours  , by David Barstow , David Rohde , Stephanie Saul. 	September 13 , 2016 ( TIFF ) was not its initial release	2
1230	T1328	GW68	 The ingredient grapes of Cerasuolo di Vittoria is Nero d'Avola: 50% - 70% , Frappatto: 30% - 50%.   The maximum grape yield of Cerasuolo di Vittoria is 65%.  The alcohol by volume of grape (natural) of Cerasuolo di Vittoria is 12.5%.  The alcohol by volume of wine (minimum) of Cerasuolo di Vittoria is 13%. 	The alcohol by volume of grape ( natural ) and the alcohol by volume of wine ( minimum ) doesn't have a difference of 1% .	2
1416	T1789	GW93	 Interstellar was distributed by Paramount Pictures (North America), Warner Bros. Pictures (International).  The release date of Interstellar are October 26, 2014  ( 2014-10-26 )  (TCL Chinese Theatre), November 5, 2014  ( 2014-11-05 )  (United States), November 7, 2014  ( 2014-11-07 )  (United Kingdom).  The country of Interstellar are United States, United Kingdom.  The production company of Interstellar are Legendary Pictures, Syncopy, Lynda Obst Productions.  	Hunt for the Wilderpeople was not more popular abroad than in the United States .	1
668	T823	GW4	 Columbus, Ohio is a city.  The country of Columbus, Ohio is United States.  The counties of Columbus, Ohio is Delaware, Fairfield, Franklin, Pickaway.  The named for of Columbus, Ohio is Christopher Columbus.  	The city of Columbus , Ohio doesn't have no relation to Christopher Columbus .	2
261	T407	GW28	   James VI and I was born on 19 June 1566 Edinburgh Castle, Scotland.  The spouse of James VI and I is Anne of Denmark ( m.  1589; died 1619).  The issue of James VI and I are Henry, Prince of Wales , Elizabeth, Queen of Bohemia , Margaret , Charles I, King of England , Robert , Mary , Sophia.  The father of James VI and I are Henry Stuart , Lord Darnley.   	James VI and I is not descended from French nobility .	1
985	T1778	GW33	 Insomniac was released on October 10, 1995  ( 1995-10-10 ).  Insomniac was recorded on December 1994 - May 1995.  The studio of Insomniac is Hyde Street Studios, San Francisco, California.  The producer of Insomniac are Rob Cavallo, Green Day.  	Insomniac is not recorded at Hyde Street Studios , San Francisco , California from Dec 1994 to May 1995	1
857	T718	GW2	 Dianna Agron was born as Dianna Elise Agron ,  (1986-04-30) April 30, 1986 (age 32) , Savannah, Georgia, U.S..  The residence of Dianna Agron is New York City, New York.  The occupation of Dianna Agron are Actress, singer, dancer.  The years active of Dianna Agron is 2006-present. 	Dianna Agron didn't start her professional career as a dancer .	1
774	T1834	GW14	 Into the Great Wide Open is a album.  Into the Great Wide Open was released on July 2, 1991.  Into the Great Wide Open was recorded on 1991.  The studio of Into the Great Wide Open are Rumbo Recorders, Studio C, Canoga Park, California, M.C. Studios. 	Into the Great Wide Open was not recorded and released in the same year .	0
191	T294	GW4	   In the box office, Fast & Furious made $363.2 million.   The production companies of Fast & Furious are Original Film , Relativity Media , One Race Films.  The running time of Fast & Furious is 107 minutes.  The budget of Fast & Furious is $85 million.   	The movie Fast & Furious didn't make over $250 million at the box office .	0
783	T621	GW53	 Diana and Actaeon is a painting.  The artist of Diana and Actaeon is Titian.  The medium of Diana and Actaeon is Oil on canvas.  The location of Diana and Actaeon is National Gallery, London.  	Diana and Actaeon was not painted on canvas .	0
1316	T1335	GW40	 Britt Robertson was born as Brittany Leanna Robertson ,  (1990-04-18) April 18, 1990 (age 28) , Charlotte, North Carolina, U.S..  The residence of Britt Robertson is Los Angeles, California.  The years active of Britt Robertson is 2000-present.  The home town of Britt Robertson is Greenville, South Carolina, U.S..  	Britt Robertson is not from North Carolina .	2
335	T1494	GW14	   The institutions of Kees Schouhamer Immink are Turing Machines Inc, Philips Research Laboratories, Institute for Experimental Mathematics, National University of Singapore.   Kees Schouhamer Immink was born on ( 1946-12-18 )  December 18, 1946  (age 72)   Rotterdam, Netherlands.  The residence of Kees Schouhamer Immink is Netherlands.  The alma mater of Kees Schouhamer Immink is Eindhoven University of Technology.   	Kees Schouhamer Immink was not affiliated with an education entity in Asia .	0
251	T229	GW1	 The institutions of Eugen Baumann are University of Tubingen , University of Strasburg , University of Berlin , University of Freiburg.  Eugen Baumann was born on ( 1846-12-12 ) 12 December 1846  Cannstatt, Baden-Wurttemberg, Germany.  Eugen Baumann died on 3 November 1896 (1896-11-03)  (aged 49)  Freiburg, Baden-Wurttemberg, Germany.  The residence of Eugen Baumann is Germany. 	Eugen Baumann didn't live in Germany for his whole life .	1
644	T251	GW14	 The genres of Keane are Alternative rock , alternative pop , piano rock , post-Britpop.  The years active of Keane was on 1995 - 2014 (on hiatus).  The labels of Keane are Island , Interscope , Fierce Panda.  The associated acts of Keane are Mt. Desolation , Jesse Quin & The Mets. 	Keane is not associated with more than two other acts .	0
1269	T1193	GW1	 Charles Snead Houston was born on (1913-08-24)August 24, 1913 , New York City, New York.  Charles Snead Houston died on September 27, 2009(2009-09-27) (aged 96) , Burlington, Vermont.  The children of Charles Snead Houston is 1 daughter Penny, and two sons David and Robin..  The parent(s) of Charles Snead Houston is Oscar Rempel Houston and Nelly Snead MacDonald.  	Charles Snead Houston didn't have four children .	2
464	T754	GW2	   Crowded House is a musician.  The origin of Crowded House is Melbourne, Australia.  The genres of Crowded House are Rock,  pop rock,  jangle pop,  indie rock,  alternative rock,  new wave  (early work).  The labels of Crowded House are Capitol,  ATO.   	Crowded House is not a rock band from the northern hemisphere .	2
1130	T1114	GW6	 Brittany Murphy was born as Brittany Anne Bertolotti , (1977-11-10)November 10, 1977 , Atlanta, Georgia, U.S..  Brittany Murphy died on December 20, 2009(2009-12-20) (aged 32) , Los Angeles, California, U.S..  The resting place of Brittany Murphy is Forest Lawn Memorial Park (Hollywood Hills) , 34°08′39″N 118°19′11″W﻿ / ﻿34.14414°N 118.31979°W﻿ / 34.14414; -118.31979.  The spouse(s) of Brittany Murphy is Simon Monjack ( m. 2007).  	Brittany Murphy only ever didn't live in Atlanta and Los Angeles .	1
626	T646	GW54	 Deepwater Horizon was directed by Peter Berg.  Deepwater Horizon was produced by Lorenzo di Bonaventura, Mark Vahradian, Mark Wahlberg, Stephen Levinson, David Womark.  Deepwater Horizon was screenplay by Matthew Michael Carnahan, Matthew Sand.  Deepwater Horizon was starring Mark Wahlberg, Kurt Russell, John Malkovich, Gina Rodriguez, Dylan O'Brien, Kate Hudson. 	Deepwater Horizon was not directed by Peter Berg	0
1216	T1921	GW85	 Ignacy Moscicki was born on 1 December 1867 Mierzanowo, Congress Poland.  Ignacy Moscicki died on 2 October 1946 (aged 78) Versoix, Switzerland.  The spouse(s) of Ignacy Moscicki are Michalina Czyzewska (d.1932), Maria Dobrzanska (m.1933).  The number of children of Ignacy Moscicki are 4. 	Ignacy Mo_cicki was not married and had a few kids .	1
423	T44	GW14	 British Steel is a album.  British Steel was released on 14 April 1980.  British Steel was recorded on January - February 1980 at Startling Studios, Ascot, England; United Kingdom.  The length of British Steel is 36 : 10. 	You can't listen to the entire album in less than an hour .	0
1159	T1158	GW40	 The president of British Academy of Film and Television Arts is Prince William, Duke of Cambridge.  The chairman of British Academy of Film and Television Arts is Anne Morrison.  The chief executive of British Academy of Film and Television Arts is Amanda Berry.  The headquarters of British Academy of Film and Television Arts is Piccadilly , London, W1J , United Kingdom. 	Prince William , Duke of Cambridge is not the President of the British Academy of Film and Television Arts .	0
1568	T2412	GW117	 Hanson is a musician.  The genres of Hanson are Pop rock, indie rock, power pop.  The years active of Hanson is 1992-present.  The labels of Hanson are MCA Music, Inc., 604, Mercury, Island, Cooking Vinyl, 3CG. 	Hanson didn't start making music in 1990 .	2
892	T538	GW28	 The genres of DIA is K-pop.  The years active of DIA was on 2015 - present.  The associated acts of DIA are I.O.I, UNI.T.  The website of DIA is mbk-ent .com /main _dia.  	DIA is not made up of 8 members .	1
1428	T1227	GW28	 The homeport: of INS Vikrant in 1984 is Bombay.  The armament: of INS Vikrant in 1984 is 16 × 40 mm Bofors anti-aircraft guns (later reduced to 8).  The sensors and processing systems: of INS Vikrant in 1984 are 1 × LW-05 air-search radar, 1 × ZW-06 surface-search radar, 1 × LW-10 tactical radar, 1 × Type 963 aircraft-landing radar.  The identification: of INS Vikrant in 1984 is Pennant number: R49 (1), Pennant number: R11 (2). 	The INS Vikrant ( R11 ) was not an Indian naval vessel .	0
1147	T1769	GW2	 In Rainbows is a album.  The genre of In Rainbows are Alternative rock, art rock, experimental rock, art pop.  The label of In Rainbows are Self-released, Xurbia Xendless, XL, TBD.  The producer of In Rainbows is Nigel Godrich.  	In Rainbows is not a rock/pop album produced by Nigel Godrich .	0
302	T1503	GW86	   The spouse(s) of Jim Belushi are Sandra Davenport ( m.  1980;  div.  1988), Marjorie Bransfield ( m.  1990;  div.  1992), Jennifer Sloan ( m.  1998; separated 2018).  The number of children of Jim Belushi are 3; including Robert Belushi.  The occupation of Jim Belushi are Actor, comedian, farmer, singer, musician.  Jim Belushi was born on June 15, 1954  (age 64)   Chicago, Illinois, U.S..   	Jim Belushi hasn't worked as an entertainer .	0
1266	T1363	GW28	 The role of ATR 72 is Regional airliner.  The national origin of ATR 72 is France/Italy.  ATR 72 was first flight on 27 October 1988.  The primary users of ATR 72 is Wings Air , Azul Linhas Aereas , Mount Cook Airline , Firefly. 	The ATR 72 is not a decades-old European airplane .	0
570	T679	GW28	 Destroyer is a album.  Destroyer was released on March 15, 1976.  The recorded of Destroyer is 3-6 September 1975 at Electric Lady Studios and January-February 1976 at Record Plant Studios, New York City.  The label of Destroyer is Casablanca. 	Destroyer didn't take more than a year to record and release .	2
1062	T1999	GW85	 Incognito is a book.  The format of Incognito is Limited series.  The publication date of Incognito was on December 2008.  The no.of series of Incognito are 6(first series), 5(second series).  	Incognito didn't come out in Dec of 2008 .	1
1560	T2012	GW84	 Hoobastank is a musician.  The genres of Hoobastank are Post-grunge, alternative rock, hard rock, nu metal, funk metal, ska punk.  The years active of Hoobastank was on 1994 - present.  The labels of Hoobastank are Island  (2001 - 2012), Open E, EMI (2012 - 2017), Napalm (2018 - present). 	Hoobastank's songs are not mostly post grunge .	1
497	T180	GW4	 John Phillips is a musician.  John Phillips was also known as Papa John ,  Johnny Phillips ,  Phillips  ,  JP.  The genres of John Phillips are Folk ,  pop.  The occupation(s) of John Phillips is Musician. 	John Phillips is not known for playing folk music .	0
340	T1623	GW4	   The in office of The Right Honourable Jeremy Corbyn MP was on 14 June 2011 – 12 September 2015.  The president of The Right Honourable Jeremy Corbyn MP is Tony Benn.  The vice president of The Right Honourable Jeremy Corbyn MP is Lindsey German.  The deputy of The Right Honourable Jeremy Corbyn MP is Chris Nineham.   	Jeremy Corbyn was not in office for over four years .	0
677	T336	GW27	 Charles Snead Houston was born on August 24, 1913 ( 1913-08-24 )  New York City, New York.  Charles Snead Houston died on September 27, 2009 (2009-09-27)  (aged 96)  Burlington, Vermont.  The education of Charles Snead Houston are Harvard College, Columbia University College of Physicians and Surgeons.  The children of Charles Snead Houston is 1 daughter Penny, and two sons David and Robin.. 	Charles Snead Houston was not born in New York and died in Vermont .	0
1933	T2604	GW31	 Hiromu Arakawa is a person.  The born of Hiromu Arakawa is Hiromi Arakawa ,  (1973-05-08) May 8, 1973 (age 46) , Makubetsu, Japan.  The nationality of Hiromu Arakawa is Japanese.  The notable works of Hiromu Arakawa is Fullmetal Alchemist  ,  Silver Spoon  ,  Hero Tales  ,  The Heroic Legend of Arslan.  	Hiromu Arakawa won't be turning 50 years old in 2020 .	2
318	T720	GW51	   David Bowie is a album.  David Bowie was released on 1 June 1967 (1967-06-01).  David Bowie was recorded on 14 November 1966 - 25 February 1967.  The studio of David Bowie is Decca Studios, London.   	David Bowie was not one of several self-titled albums by David Bowie .	1
1475	T1801	GW84	 The institutions of Hugh Bradner are Champion Paper &amp; Fiber Co. (1936-1937), California Institute of Technology (1938-1941), US Naval Ordnance Laboratory (1941-1943), University of Chicago (1943-1943), Los Alamos National Laboratory (1943-1946), University of California, Berkeley (1946-1961), University of California, San Diego (1961-1980).  The alma mater of Hugh Bradner are Miami University - A.B. (1937), California Institute of Technology - Ph.D. (1941).  The awards of Hugh Bradner are Miami University Medal (1960),  Sc.D. (Honorary), Miami University (1961).  The fields of Hugh Bradner are Engineering, physics, geophysics. 	Hugh Bradner didn't spend more time working in engineering than in physics .	1
1253	T1247	GW22	 The website of J.D. Power is jdpower .com.   The founded of J.D. Power is Los Angeles, California (1968).  The headquarters of J.D. Power is Costa Mesa, California, United States.  The key people of J.D. Power is Dave Habiger, President and CEO. 	J . D . Power doesn't have only one headquarter situated in Costa Mesa , California , United States .	1
76	T754	GW2	   The genres of Crowded House are Rock,  pop rock,  jangle pop,  indie rock,  alternative rock,  new wave  (early work).  The years active of Crowded House was on 1985 (1985)-1996, 2006 (2006)-present (2011 - 2016 hiatus).  The labels of Crowded House are Capitol,  ATO.  The website of Crowded House is www.crowdedhouse.com.    	Crowded House didn't release an album on the ATO label in 2012 .	1
793	T1277	GW27	 The origin of Buffalo Springfield is Los Angeles, California, U.S..  The years active of Buffalo Springfield was on 1966 (1966)-1968 (1968); 2010 (2010)-2012 (2012).  The labels of Buffalo Springfield are Atco, Atlantic.  The associated acts of Buffalo Springfield are Crosby, Stills, Nash & Young, Manassas, Poco.  	Buffalo Springfield didn't have their most success with Atco records .	1
1045	T1422	GW74	 The birth name of Joe Walsh is Joseph Fidler.  Joe Walsh was born on ( 1947-11-20 )  November 20, 1947  (age 71)  Wichita, Kansas, U.S..  The associated acts of Joe Walsh are James Gang, Barnstorm, Eagles, Ringo Starr &amp; His All-Starr Band, John Entwistle, The Beach Boys, The Strat Pack, The Party Boys, Herbs (band), The Who, Foo Fighters.  The years active of Joe Walsh is 1964-present. 	Joe Walsh didn't begin his career after age 16 .	0
898	T770	GW59	 The manufacturer of Cointreau is Remy Cointreau.  The country of origin of Cointreau is Angers, France.  The alcohol by volume of Cointreau is 40%.  The proof (us) of Cointreau is 80. 	Contreau is not still in production today .	1
729	T700	GW0	 Cowboys from Hell was released on July 24, 1990 (1990-07-24).  Cowboys from Hell was recorded on February-April 1990.  The length of Cowboys from Hell is 57:39.  The producer of Cowboys from Hell is Terry Date.  	Cowboys from Hell didn't take over half a year to record .	2
1664	T2354	GW116	 The reign of George III was on 25 October 1760 -  ,  29 January 1820.  The coronation of George III was on 22 September 1761.  The predecessor of George III is George II.  The successor of George III is George IV.  	George III’s reign didn't end on his own decision .	1
1101	T1233	GW2	 The number of affiliations of United States Bowling Congress is 3,000.  The formation of United States Bowling Congress are As American Bowling Congress:  New York City, New York, U.S. (1895 (1895)), As USBC:  Greendale, Wisconsin, U.S. (2005 (2005)).  The number of type of United States Bowling Congress is Ten-Pin Bowling.  The number of headquarters of United States Bowling Congress is 621 Six Flags Drive, Arlington, Texas, U.S.. 	The USBC is not a Ten-Pin bowling organization headquartered in the southern US .	0
51	T43	GW1	   The associated acts of James Hetfield are Metallica, Spastik Children, Leather Charm.  The birth name of James Hetfield is James Alan Hetfield.  James Hetfield was born on ( 1963-08-03 )  August 3, 1963  (age 55)  Downey, California, U.S..  The years active of James Hetfield was on 1978 - present.   	James Hetfield was not born in the Spring of 1963 .	2
1864	T2575	GW120	 The political party of Penny Pritzker is Democratic.  The designation of Penny Pritzker is 38th United States Secretary of Commerce.  The in office of Penny Pritzker was on June 26, 2013 – January 20, 2017.  The president of Penny Pritzker is Barack Obama. 	Penny Pritzker doesn't belong to Congress party .	2
1319	T1933	GW58	 The dam of Irish War Cry is Irish Sovereign.  The damsire of Irish War Cry is Polish Numbers.  The record of Irish War Cry is 13: 5-2-0.  The country of Irish War Cry is United States. 	Irish Wary Cry is not one of the highest earning horses in United States history .	1
676	T686	GW51	 Dave Mustaine is a musician.  Dave Mustaine was born on (1961-09-13) September 13, 1961 (age 57) , La Mesa, California, U.S..  The genres of Dave Mustaine are Thrash metal, heavy metal, speed metal, hard rock.  The occupation(s) of Dave Mustaine is Singer-songwriter, guitarist, producer, actor, author, talent manager. 	Dave Mustaine is not a metal rock musician from California .	0
264	T1739	GW28	   Houses of the Holy is a album.  Houses of the Holy was released on 28 March 1973  ( 1973-03-28 ).  Houses of the Holy was recorded on December 1971 - August 1972.  The genre of Houses of the Holy is Rock.   	Houses of the Holy is not a rock album recorded and released over a three year period .	0
361	T1535	GW28	   Joe Jonas was born on August 15, 1989  (age 29)   Casa Grande, Arizona, U.S..  The associated acts of Joe Jonas are Jonas Brothers, DNCE, Demi Lovato.   The years active of Joe Jonas is 2004-present.  The partner(s) of Joe Jonas is Sophie Turner (2016-present; engaged 2017).   	Joe Jonas has not been active since his twenties .	2
798	T427	GW27	 Composition with Red Blue and Yellow is a painting.  The artist of Composition with Red Blue and Yellow is Piet Mondrian.  The type of Composition with Red Blue and Yellow is Oil and paper on canvas.  The location of Composition with Red Blue and Yellow is National Museum, Belgrade, Serbia.  	'Composition with Red Blue and Yellow' was not Piet Mondrian's final oil .	1
294	T165	GW6	 The doctoral advisor of Charles Stark Draper is Philip M. Morse.   Charles Stark Draper died on July 25, 1987 (1987-07-25)  (aged 85)  Cambridge, Massachusetts, U.S..  The alma mater of Charles Stark Draper are Massachusetts Institute of Technology , Stanford University.  The awards of Charles Stark Draper are Magellanic Premium  (1959) ,  National Medal of Science  (1964) ,  Daniel Guggenheim Medal  (1966) ,  Rufus Oldenburger Medal  (1971) ,  Richard E. Bellman Control Heritage Award  (1981). 	Charles Stark Draper didn't win awards while at MIT .	1
550	T411	GW33	 The origin of Foghat is London, England, United Kingdom.  The genres of Foghat are Blues rock , boogie rock , hard rock , light metal.  The years active of Foghat was on 1971 - 1984 , 1986 - present.  The associated acts of Foghat is Savoy Brown. 	Foghat is not inactive from 1984-1986	1
1763	T2654	GW1	 The number of children of Leo Kahn are 3 (including Joseph Kahn).   Leo Kahn was born on (1916-12-31)December 31, 1916 , Medford, Massachusetts.  Leo Kahn died on May 11, 2011(2011-05-11) (aged 94) , Boston, Massachusetts.  The spouse(s) of Leo Kahn is Dorothy Davidson Kahn (1963-1975). 	Leo Kahn didn't have all of his children with Dorothy Davidson Kahn ,	1
1830	T2417	GW28	 Haru Urara was last updated on July 19, 2007.  	Haru Urara was not updated less than a decade ago .	2
1007	T326	GW4	 By the Way is a album.  The studio of By the Way is Cello Studios and Chateau Marmont in Los Angeles.  The label of By the Way is Warner Bros..  The producer of By the Way is Rick Rubin.  	The album By the Way didn't have multiple producers on the project .	2
65	T824	GW51	   Combat Rock is a album.  Combat Rock was recorded on 1980; September 1981 at Ear Studios in London; November 1981-January 1982 at Electric Lady Studios in New York City; April 1982 in Warnford, Hampshire, England.  The label of Combat Rock are CBS,  Epic.  The producer of Combat Rock are The Clash,  Glyn Johns.    	Combat Rock was not the highest selling album in the history of The Clash .	1
1585	T2491	GW86	 The release date of Ulee's Gold is June 13, 1997 (1997-06-13).  The running time of Ulee's Gold is 113 minutes.  The budget of Ulee's Gold is $2.7 million.  In the box office, Ulee's Gold made $9,054,736 (U.S.).  	Ulee's Gold didn't make more than  $9 , 054 , 736 worldwide .	1
1226	T1470	GW68	 Julio Iglesias was born on 23 September 1943  (age 75)   Madrid, Spain.  The birth name of Julio Iglesias is Julio Jose Iglesias de la Cueva.  The spouse(s) of Julio Iglesias are Isabel Preysler ( m.  1971;  div.  1979), Miranda Rijnsburger ( m.  2010).  The number of children of Julio Iglesias are 8, including: Chabeli Iglesias Julio Iglesias Jr. Enrique Iglesias. 	Julio JosŽ Iglesias de la Cueva was not born before Enrique Iglesias .	0
1464	T1963	GW95	 Illmatic was released on April 19, 1994.  The studio of Illmatic are Battery Studios, Unique Studios, Chung King Studios, D&D Recording in New York.  The genre of Illmatic are East Coast hip hop, hardcore hip hop, jazz rap.  The producer of Illmatic are Faith N.(also exec.), MC Serch  (exec.), DJ Premier, L.E.S., Pete Rock, Large Professor, Q-Tip.  	It was not produced with the help of other rappers .	1
1243	T1699	GW6	 The associated acts of Kate Bush are David Gilmour, Peter Gabriel.  Kate Bush was born on ( 1958-07-30 )  30 July 1958  (age 60)  Bexleyheath, Kent, England.  The occupation(s) of Kate Bush are Singer, songwriter, musician, record producer, director.  The instruments of Kate Bush are Vocals, piano, keyboards. 	Kate Bush didn't play piano on a record with David Gilmour .	1
1509	T1401	GW2	 The number of branches of Free Library of Philadelphia is 55.  The items collected of Free Library of Philadelphia are Chamber Music Collection, Children's Literature Research Collection, Drinker Choral Music Library, Early American Children's Books, Edwin A. Fleisher Collection of Orchestral Music, Map Collection, Print and Picture Collection (largest in the U.S.A), Rare Book Collections, Sheet Music Collection, Theatre Collection.  The number of size of Free Library of Philadelphia is 4,240,304.  The number of population served of Free Library of Philadelphia is 1,560,297. 	The Free Library of Philadelphia doesn't have twice as many items in their print and picture collection than they do books .	1
246	T277	GW28	   Charo was born as (Disputed DOB) Molina de Segura, Region of Murcia, Spain.  The years active of Charo was on 1963 - present.  The spouse(s) of Charo are Xavier Cugat (1966 - 1978) , Kjell Rasten (1978 - present).  The number of children of Charo are 1.    	Charo's career hasn't spanned eight decades .	2
232	T948	GW28	   Kingdom of France Royaume de France is a country.  The common languages of Kingdom of France Royaume de France is French.  The religion of Kingdom of France Royaume de France is Roman Catholicism.  The prime minister of Kingdom of France Royaume de France are Charles de Benevent  (first) (1815), Jules de Polignac  (last) (1829-1830).   	Kingdom of France was not a Christian , French-speaking country led by royalty .	0
832	T769	GW4	 Coheed and Cambria is a musician.  The genres of Coheed and Cambria are Progressive rock, alternative rock, progressive metal, emo.  The labels of Coheed and Cambria are 300, Roc Nation, Evil Ink, Hundred Handed/Everything Evil, B-Unique, Columbia, Equal Vision, Roadrunner, Sony.  The associated acts of Coheed and Cambria are The Prize Fighter Inferno, Davenport Cabinet, Weerd Science, Fire Deuce, 3. 	The band Coheed and Cambria hasn't published several albums .	1
740	T893	GW11	 Cape Town is a city.  The city area of Cape Town is 433,688.  The metro area of Cape Town is 4,005,015.  The metro density of Cape Town is 1,600/sq km  (4,200/sq mi). 	Cape Town is not the largest city in its area .	1
1021	T453	GW4	 The related products of Chiswick Bitter is ESB, London Pride, Honey Dew.  The type of Chiswick Bitter is Beer.  The manufacturer of Chiswick Bitter is Fuller's Brewery.  The country of origin of Chiswick Bitter is UK. 	The beer Chiswick Bitter hasn't been brought to the United States for sale .	1
162	T1629	GW28	   The genres of Jefferson Airplane are Psychedelic rock, acid rock, folk rock, garage rock.  The years active of Jefferson Airplane was on 1965-1972, 1989, 1996.  The labels of Jefferson Airplane are Grunt/RCA Records, Epic/Sony Music Entertainment.  The associated acts of Jefferson Airplane are The Great Society, Hot Tuna, Jefferson Starship, Starship, KBC Band, New Riders of the Purple Sage.   	Jefferson Airplane hasn't performed since 1965 without a break .	2
125	T311	GW27	   Charles Xavier Thomas was born on May 5, 1785  Colmar, France.  Charles Xavier Thomas died on March 12, 1870   ( 1870-03-13 )  (aged 84)  Paris, France.  The nationality of Charles Xavier Thomas is French.  Charles Xavier Thomas was known for Arithmometer.    	The inventor of the Arithmometer was not Belgian .	2
336	T1917	GW28	   The speakers of the council of representatives  of Republic of Iraq is Mohamed al-Halbousi.  The official languages of Republic of Iraq are Arabic, Kurdish.  The religion of Republic of Iraq is Islam.  The demonym(s) of Republic of Iraq is Iraqi.   	Republic of Iraq doesn't have a Christian minority population .	1
850	T588	GW51	 The genres of Daft Punk are French house, electronic, dance, disco.  The years active of Daft Punk was on 1993 -present.  The labels of Daft Punk are Daft Life, Columbia, Virgin, EMI Labels France, Delabel, Soma, Walt Disney.  The associated acts of Daft Punk are Darlin', Stardust, Together, Le Knight Club, Kanye West, Pharrell Williams, The Weeknd. 	Daft Punk doesn't have several commercially successful albums , including Discovery , Human After All , and Random Access Memories .	1
786	T295	GW14	 The nationality of James Paris Lee is British from 1831, United States from 1896.  The occupation of James Paris Lee is Weapons designer.  The spouse(s) of James Paris Lee is Caroline Chrysler Lee.  The children of James Paris Lee are William Lee ,  George Miles Lee. 	James Paris Lee didn't have dual citizenship .	0
771	T984	GW59	 Brightest Day was written by Geoff Johns ,  Peter Tomasi.  The penciller(s) of Brightest Day are Scott Clark ,  Patrick Gleason ,  Joe Prado ,  Ivan Reis ,  Ardian Syaf.  The inker(s) of Brightest Day are Oclair Albert ,  Dave Beaty ,  Vicente Cifuentes ,  Mark Irwin.  The colorist(s) of Brightest Day is Peter Steigerwald. 	Geoff Johns didn't write slightly more of Brightest Day than Peter Tomasi .	1
1322	T1216	GW1	 Charles Proteus Steinmetz died on October 26, 1923(1923-10-26) (aged 58) , Schenectady, New York, United States.  The occupation of Charles Proteus Steinmetz is Mathematician and electrical engineer.  Charles Proteus Steinmetz was known for Steinmetz's equation, Alternating current, Electric power industry, Hysteresis, Steinmetz equivalent circuit, Mechanicville Hydroelectric Plant, Metal-halide lamp, Network synthesis filters, Passive analogue filter development, Phasor measurement unit, Steinmetz solid, Transmission line, Wireless power, Engineering education.  The awards of Charles Proteus Steinmetz is Elliott Cresson Medal (1913).  	Charles Proteus Steinmetz didn't win the Elliott Cresson Medal for his work with wireless power .	1
585	T1013	GW51	 The sire of Cass Ole is Al-Marah Cassanova [1].  The breeder of Cass Ole is Donoghue Arabians.  The owner of Cass Ole is San Antonio Arabians.  Cass Ole was foaled on March 6, 1969. 	Cass Ole was not owned and trained by the Donoghues .	2
1870	T2013	GW84	 Indiana Jones and the Temple of Doom was directed by Steven Spielberg.  Indiana Jones and the Temple of Doom was produced by Robert Watts.  Indiana Jones and the Temple of Doom was story by George Lucas.  Indiana Jones and the Temple of Doom was starring Harrison Ford, Kate Capshaw, Amrish Puri, Roshan Seth, Philip Stone, Jonathan Ke Quan. 	Indiana Jones and the Temple of Doom was not the biggest earner that Harrison Ford ever starred in .	1
871	T669	GW51	 Deontay Wilder is a person.  The total fights of Deontay Wilder is 41.  The wins of Deontay Wilder is 40.  The losses of Deontay Wilder is 0. 	Deontay Wilder is not a famous fighter whom has never had a professional loss .	0
900	T1171	GW28	 Boyzone is a musician.  The origin of Boyzone is Dublin, Ireland.  The genres of Boyzone is Pop.  The labels of Boyzone is Universal, Warner. 	Boyzone was not an Irish pop group .	0
1262	T1627	GW1	 Jet Li was born on April 26, 1963  (age 55)   Beijing, China.  The birth name of Jet Li is Li Lianjie.  The nationality of Jet Li are Singaporean  (since 2009), American  (2003-2009), Chinese  (until 2003).  The years active of Jet Li is 1982-present. 	Jet Li doesn't have a Spring Birthday .	0
646	T1328	GW51	 The wine type of Cerasuolo di Vittoria is DOCG.  The ingredient grapes of Cerasuolo di Vittoria is Nero d'Avola: 50% - 70% , Frappatto: 30% - 50%.   The origin of Cerasuolo di Vittoria is Sicily; a large area including Ragusa, Caltanissetta and Catania..  The alcohol by volume of wine (minimum) of Cerasuolo di Vittoria is 13%. 	The Cerasuolo di Vittoria has not been an Italian wine for the past century .	2
1125	T1340	GW4	 The academic staff of Maulana Azad National Institute of Technology is 308.  The former names of Maulana Azad National Institute of Technology is Maulana Azad College of Technology; Regional Engineering College, Bhopal.  The chairperson of Maulana Azad National Institute of Technology is Geetha Bali.  The director of Maulana Azad National Institute of Technology is Dr.Narendra Raghuvanshi. 	The Maulana Azad National Institute of Technology doesn't have the same chairperson and director .	2
136	T150	GW1	 Fats Domino was born on February 26, 1928  New Orleans, Louisiana, U.S..  Fats Domino died on October 24, 2017 (2017-10-24)  (aged 89)  Harvey, Louisiana, U.S..  The years active of Fats Domino was on 1942 - 2017.  The spouse(s) of Fats Domino is Rosemary Hall ( m.  1947; died 2008). 	Fats Domino didn't die in the Fall of 2017 .	0
456	T323	GW0	   The duchy of bohemia  of Czech Republic    (Ceska republika)   (Czech) is c. 870.  The kingdom of bohemia  was on 1198.  The czechoslovakia (independence from austria-hungary) was on 28 October 1918.  The joined the european union was on 1 May 2004.    	Kingdom of Bohemia was not esatablished before the Duchy of Bohemia .	2
111	T167	GW4	   Et in Arcadia ego is a painting.  Et in Arcadia ego is also known as Les Bergers d'Arcadie.  The year of Et in Arcadia ego is 1637 - 1638.  The medium of Et in Arcadia ego is oil on canvas.   	Et in Arcadia ego was not painted in the mid 1600s .	0
483	T846	GW6	   The genres of Dean Martin are Traditional pop, big band, country, jazz, easy listening, show tunes, swing, vocal jazz.  The instruments of Dean Martin is Vocals.  The years active of Dean Martin was on 1940-1991.  The number of children of Dean Martin are 8, including Deana, Dean Paul, and Ricci.   	Dean Martin was not a lifelong mute .	2
2021	T2322	GW111	 The reign of Elizabeth I is 17 November 1558 -  , 24 March 1603.  The coronation of Elizabeth I was on 15 January 1559.  The predecessors of Elizabeth I is Mary I and Philip.  The successor of Elizabeth I is James I.  	Elizabeth I didn't reign from November 1558 - March 1603 .	0
894	T872	GW28	 The region of Cebu City is Central Visayas (Region VII).  The province of Cebu City is Cebu (geographically only).  Cebu City was district on 1st (North) and 2nd (South) districts of Cebu City.  Cebu City was founded(as spanish colony) reincorporated  (as city) on 1565 ,  24 February 1937. 	Cebu City is not located in Asia .	1
360	T554	GW51	   The country of Danehill is United States.  The grandsire of Danehill is Northern Dancer.  The damsire of Danehill is His Majesty.  Danehill was foaled on ( 1986-03-26 ) 26 March 1986.   	Danehill is not a famous racehorse from the United States .	0
669	T1196	GW12	 The studio of Can't Buy a Thrill is The Village Recorder, Los Angeles.  The genre of Can't Buy a Thrill are Soft rock, folk rock, pop.  The length of Can't Buy a Thrill is 40:58.  The producer of Can't Buy a Thrill is Gary Katz.  	Gary Katz didn't produce the 40 minute folk rock album Can't Buy a Thrill .	1
718	T1223	GW27	 Cheek to Cheek is a album.  Cheek to Cheek was released on September 19, 2014.  The recorded of Cheek to Cheek is 2013.  The label of Cheek to Cheek are Streamline, Interscope, Columbia. 	'Cheek to Cheek' was not recorded and released in the same year .	2
1478	T1572	GW6	 Sir John Harington died on 20 November 1612 (aged 52)  Kelston, Somerset, England.  The spouse(s) of Sir John Harington is Mary Rogers.  The parents of Sir John Harington are John Harington (father), Isabella Markham (mother).  The relatives of Sir John Harington is Kit Harington.  	Kit Harington is not the nephew of Isabella Markham .	1
1145	T1823	GW93	" In the Zone was released on November 12, 2003  ( 2003-11-12 ).  The studio of In the Zone are Battery Studios, The DOJO (New York City, New York), The Chocolate Factory (Chicago, Illinois), Triangle Sound Studios (Atlanta, Georgia), 3:20 Studios, Record Plant (Los Angeles, California), Pacifique Studios (North Hollywood, California), Westlake Recording Studios (West Hollywood, California), Decoy Studios (Studio City, California), Metrophonic Studios, Olympic Studios (London, England), Murlyn Studios (Stockholm, Sweden).  The length of In the Zone is 50:00.  The producer of In the Zone are Bloodshy & Avant, Brian and Josh, Roy ""Royalty"" Hamilton, Jimmy Harry, Penelope Magnet, Moby, The Matrix, R. Kelly, Rishi Rich, Guy Sigsworth, Shep Soloman, Mark Taylor, Trixster.  "	In the Zone doesn't have a running time of less than an hour .	0
1095	T1620	GW84	 The associated acts of Joan Baez are Jackson Browne, Mary Chapin Carpenter, Judy Collins, Donovan, Bob Dylan, Steve Earle, Mimi Farina, Grateful Dead, Janis Ian, Indigo Girls, Ennio Morricone, Odetta, Pete Seeger, Paul Simon, Dar Williams, Phil Ochs.  The birth name of Joan Baez is Joan Chandos Baez.  Joan Baez was born on ( 1941-01-09 )  January 9, 1941  (age 77)  Staten Island, New York.  The years active of Joan Baez is 1958-present. 	Joan Baez didn't die when she was in her seventies .	2
419	T1617	GW84	   The origin of Keane is Battle, East Sussex, England.  The genres of Keane are Alternative rock, alternative pop, piano rock, post-Britpop.  The years active of Keane was on 1995-2014 (on hiatus).  The associated acts of Keane are Mt. Desolation, Jesse Quin & The Mets.   	Keane didn't perform for over twenty years before going on hiatus .	2
1151	T1379	GW27	 Cage the Elephant is a musician.  The origin of Cage the Elephant is Bowling Green, Kentucky, U.S..  The genres of Cage the Elephant are Indie rock, alternative rock, garage rock, punk blues.  The associated acts of Cage the Elephant are Perfect Confusion, The Black Keys, Sleeper Agent, Grouplove, Juliette Lewis, Morning Teleportation, Foo Fighters, Queens of the Stone Age, Portugal. the Man. 	Cage the Elephant is not a Kentucky rock band .	0
1562	T2348	GW117	 Garrotxa is a food.  The country of origin of Garrotxa is Spain.  The region, town of Garrotxa is Garrotxa, Catalonia.  Garrotxa was aging time on 1 to 2 months. 	Garrotxa only don't live in Spain .	1
810	T1243	GW51	 Camp is a album.  The studio of Camp is Hyperion Sound, Los Angeles, CA.  The genre of Camp is Hip hop.  The producer of Camp are Childish Gambino, Ludwig Göransson.  	Childish Gambino is not the rap name for famous actor and comedian , Donald Glover .	1
471	T45	GW9	 Jennette McCurdy was born on (1992-06-26) June 26, 1992 (age 26) , Long Beach, California, U.S..  The residence of Jennette McCurdy is Studio City, California, U.S..  The years active of Jennette McCurdy is 2000-present.  The genres of Jennette McCurdy are Country, country pop. 	Jennette McCurdy was not five years old when she began her musical career .	2
478	T741	GW2	   David Duchovny was born as David William Duchovny ,  (1960-08-07) August 7, 1960 (age 58) , New York, U.S..  The years active of David Duchovny is 1987-present.  The spouse(s) of David Duchovny is Tea Leoni , ( m. 1997;  div. 2014).  The number of children of David Duchovny are 2.    	David Duchovny didn't make his big screen debut at the age of 24 .	2
923	T1036	GW6	 The production company of Bright are Overbrook Entertainment, Trigger Warning Entertainment, Grand Electric, Netflix.  The release date of Bright are December 13, 2017 (2017-12-13) (Regency Village Theater), December 22, 2017 (2017-12-22) (United States).  Bright was music by David Sardy.  The cinematography of Bright was by Roman Vasyanov. 	The music of Bright was not provided by its director .	2
322	T1442	GW60	   The associated acts of Kehlani are Poplyfe, HBK Gang, Zayn, Cardi B, Lin Que, Now United, G-Eazy, Hayley Kiyoko, Lexii Alijai, Kyle, Barrington Levy.  Kehlani was born on April 24, 1995  (age 23)   Oakland, California, U.S..  The years active of Kehlani is 2009-present.  The genres of Kehlani are R&B, hip hop, neo soul.   	Kehlani didn't start his career in the year he turned 14 .	0
1020	T304	GW14	 Charles Sumner Tainter was born on April 25, 1854   ( 1854-04-25 )   Watertown, Massachusetts, U.S..  Charles Sumner Tainter died on April 20, 1940   ( 1940-04-21 )  (aged 85)  San Diego, California, U.S..  The nationality of Charles Sumner Tainter is American.  The spouse(s) of Charles Sumner Tainter are Lila R. Munro, 1886 , Laura F. Onderdonk, 1928.  	Laura Onderdonk was not born in America .	1
556	T693	GW33	 The country of Daim is Sweden.  Daim was introduced on 1953; 65 years ago (1953).  The related brands of Daim is List of Kraft brands.  The markets of Daim is Worldwide. 	Daim is not marketed in sweden	2
